Date,Next_Date,Arb_Name,Predicted_Prob_Open,Predicted_Mean,Predicted_5th,Predicted_95th,Actual_Net_Arb,Actual_Was_Open,Predicted_Open,Prediction_Correct,Within_Range,Prediction_Error,Days_Ahead
2025-07-22,2025-07-22,Brent_Dubai,42.870000000000005,-4.919672942946319,-52.441709538262764,42.41939972514622,-5.97465753424657,False,False,True,True,1.0549845913002516,0
2025-07-22,2025-07-22,Brent_WTI,42.29,-0.5311402555448339,-4.906661721931018,3.924530315741462,-1.376657534246566,False,False,True,True,0.845517278701732,0
2025-07-22,2025-07-22,Eurobob_USGC_Gasoline,52.2,14.964276784954865,-357.9708930422278,395.9881614545187,15.7254395838926,True,True,True,True,0.7611627989377343,0
2025-07-22,2025-07-22,Rotterdam_Singapore_Gasoil,51.1,0.3003622258840083,-31.05457844063734,31.109966751058177,-0.5325973154362297,False,True,False,True,0.832959541320238,0
2025-07-22,2025-07-23,Brent_Dubai,43.68,-4.552728170024772,-51.73192389626752,43.51522752112395,-6.091671232876703,False,False,True,True,1.5389430628519305,1
2025-07-22,2025-07-23,Brent_WTI,41.730000000000004,-0.5716880721180078,-4.938099226544929,3.8009204642724543,-0.4836712328767072,False,False,True,True,0.08801683924130055,1
2025-07-22,2025-07-23,Eurobob_USGC_Gasoline,52.56999999999999,16.889808677156655,-347.746646387987,392.12762744622535,15.194995167785244,True,True,True,True,1.6948135093714107,1
2025-07-22,2025-07-23,Rotterdam_Singapore_Gasoil,51.129999999999995,0.4976255627671751,-30.001595271639076,31.486505436350075,-0.6558389261744794,False,True,False,True,1.1534644889416545,1
2025-07-23,2025-07-23,Brent_Dubai,44.48,-4.0201266383602166,-55.15212645408901,47.4787250595828,-6.091671232876703,False,False,True,True,2.071544594516486,0
2025-07-23,2025-07-23,Brent_WTI,53.1,0.28740750907104184,-5.683907612007916,6.307562488276808,-0.4836712328767072,False,True,False,True,0.7710787419477491,0
2025-07-23,2025-07-23,Eurobob_USGC_Gasoline,54.790000000000006,19.31197973933104,-310.1611011299418,343.25568699402965,15.194995167785244,True,True,True,True,4.116984571545796,0
2025-07-23,2025-07-23,Rotterdam_Singapore_Gasoil,51.15,0.5746115287064785,-28.993592427639452,30.41585268036867,-0.6558389261744794,False,True,False,True,1.2304504548809578,0
2025-07-23,2025-07-23,Brent_Dubai,43.68,-4.6162307762846595,-54.56018925318657,47.59260018590481,-6.091671232876703,False,False,True,True,1.4754404565920431,0
2025-07-23,2025-07-23,Brent_WTI,53.010000000000005,0.3349976292843629,-5.631510612924774,6.45012721043588,-0.4836712328767072,False,True,False,True,0.81866886216107,0
2025-07-23,2025-07-23,Eurobob_USGC_Gasoline,53.459999999999994,15.011767817007348,-317.5213547740418,339.6309309449692,15.194995167785244,True,True,True,True,0.1832273507778961,0
2025-07-23,2025-07-23,Rotterdam_Singapore_Gasoil,51.42,0.5593929526303544,-29.10501858636907,30.32049766438838,-0.6558389261744794,False,True,False,True,1.2152318788048337,0
2025-07-23,2025-07-23,Brent_Dubai,43.91,-4.440421052937924,-55.81971824702968,46.47982414492594,-6.091671232876703,False,False,True,True,1.6512501799387787,0
2025-07-23,2025-07-23,Brent_WTI,53.620000000000005,0.36351268888315724,-5.631951142248124,6.438913522902333,-0.4836712328767072,False,True,False,True,0.8471839217598645,0
2025-07-23,2025-07-23,Eurobob_USGC_Gasoline,53.64,17.006072725320845,-312.9473578254881,350.16066199447073,15.194995167785244,True,True,True,True,1.8110775575356008,0
2025-07-23,2025-07-23,Rotterdam_Singapore_Gasoil,51.03,0.485718725207459,-28.98108507916705,30.031648684779018,-0.6558389261744794,False,True,False,True,1.1415576513819383,0
2025-07-23,2025-07-24,Brent_Dubai,44.32,-4.374237058054638,-55.25126792045377,46.43751901329597,-5.591972602739723,False,False,True,True,1.2177355446850848,1
2025-07-23,2025-07-24,Brent_WTI,53.99,0.3465468071530768,-5.68828402179692,6.295067957552726,-0.5449726027397206,False,True,False,True,0.8915194098927974,1
2025-07-23,2025-07-24,Eurobob_USGC_Gasoline,54.35,18.43180464038866,-303.3486678339016,336.9574105074327,15.84231519463089,True,True,True,True,2.589489445757769,1
2025-07-23,2025-07-24,Rotterdam_Singapore_Gasoil,51.910000000000004,0.7192170686442583,-28.679697073035776,29.464843312580555,-0.8190872483221608,False,True,False,True,1.538304316966419,1
2025-07-24,2025-07-24,Brent_Dubai,42.96,-4.146675129582932,-42.80285442087432,34.52361212426556,-5.591972602739723,False,False,True,True,1.4452974731567911,0
2025-07-24,2025-07-24,Brent_WTI,53.39,0.247555992257257,-5.519743068471583,5.857055848745808,-0.5449726027397206,False,True,False,True,0.7925285949969776,0
2025-07-24,2025-07-24,Eurobob_USGC_Gasoline,52.980000000000004,18.020132848346577,-368.91871544115054,407.13886041125824,15.84231519463089,True,True,True,True,2.177817653715687,0
2025-07-24,2025-07-24,Rotterdam_Singapore_Gasoil,50.72,0.36067383553428806,-27.427578893867345,28.167134439420717,-0.8190872483221608,False,True,False,True,1.179761083856449,0
2025-07-24,2025-07-24,Brent_Dubai,43.13,-4.073855571044972,-42.07013095550739,34.38169544278234,-5.591972602739723,False,False,True,True,1.518117031694751,0
2025-07-24,2025-07-24,Brent_WTI,53.239999999999995,0.2760879171724439,-5.514903007366848,6.112013640031509,-0.5449726027397206,False,True,False,True,0.8210605199121646,0
2025-07-24,2025-07-24,Eurobob_USGC_Gasoline,53.239999999999995,18.913242427028102,-376.9830642582285,408.7725908084939,15.84231519463089,True,True,True,True,3.070927232397212,0
2025-07-24,2025-07-24,Rotterdam_Singapore_Gasoil,50.89,0.3990959021403463,-27.367733522956257,28.03820461007207,-0.8190872483221608,False,True,False,True,1.2181831504625071,0
2025-07-24,2025-07-24,Brent_Dubai,43.01,-3.986387105373428,-41.95760775094459,34.3568188009199,-5.591972602739723,False,False,True,True,1.6055854973662953,0
2025-07-24,2025-07-24,Brent_WTI,52.87,0.20369447786023498,-5.659639226537526,5.9184251070646745,-0.5449726027397206,False,True,False,True,0.7486670805999556,0
2025-07-24,2025-07-24,Eurobob_USGC_Gasoline,53.43,15.958772528819647,-376.88872919619575,405.79082678595313,15.84231519463089,True,True,True,True,0.11645733418875714,0
2025-07-24,2025-07-24,Rotterdam_Singapore_Gasoil,51.739999999999995,0.6580694008215879,-26.91485026284971,28.83362347127379,-0.8190872483221608,False,True,False,True,1.477156649143749,0
2025-07-24,2025-07-25,Brent_Dubai,43.38,-3.8397412415198304,-42.581026193624254,34.886233661138796,-6.2124794520548,False,False,True,True,2.3727382105349695,1
2025-07-24,2025-07-25,Brent_WTI,53.38,0.2790815264534428,-5.598266595521795,6.0476729731048975,-0.4084794520547927,False,True,False,True,0.6875609785082355,1
2025-07-24,2025-07-25,Eurobob_USGC_Gasoline,52.980000000000004,19.006933492681988,-367.8928293718635,408.78512888472255,15.982058228187936,True,True,True,True,3.0248752644940513,1
2025-07-24,2025-07-25,Rotterdam_Singapore_Gasoil,50.91,0.4181104593681671,-27.462048106057033,28.3019688262517,-0.2645100671140918,False,True,False,True,0.6826205264822589,1
2025-07-25,2025-07-25,Brent_Dubai,44.42,-4.821389004114387,-61.22719801689231,53.142160455388705,-6.2124794520548,False,False,True,True,1.391090447940413,0
2025-07-25,2025-07-25,Brent_WTI,54.510000000000005,0.446254621140589,-5.549216846423031,6.537729595709967,-0.4084794520547927,False,True,False,True,0.8547340731953816,0
2025-07-25,2025-07-25,Eurobob_USGC_Gasoline,52.82,16.194878417754804,-392.87726561314093,422.435919689883,15.982058228187936,True,True,True,True,0.21282018956686777,0
2025-07-25,2025-07-25,Rotterdam_Singapore_Gasoil,52.410000000000004,1.0487410331320182,-33.870126191110224,35.192682031353684,-0.2645100671140918,False,True,False,True,1.31325110024611,0
2025-07-25,2025-07-25,Brent_Dubai,44.61,-4.062557548986039,-60.4976022129093,53.42910241026873,-6.2124794520548,False,False,True,True,2.149921903068761,0
2025-07-25,2025-07-25,Brent_WTI,54.300000000000004,0.3982232113130842,-5.663646712383241,6.481422886413678,-0.4084794520547927,False,True,False,True,0.8067026633678769,0
2025-07-25,2025-07-25,Eurobob_USGC_Gasoline,52.559999999999995,15.00101051542723,-389.9218302106606,424.46350446763745,15.982058228187936,True,True,True,True,0.9810477127607058,0
2025-07-25,2025-07-25,Rotterdam_Singapore_Gasoil,50.91,0.6841234319590495,-33.29145232510664,34.83801540033021,-0.2645100671140918,False,True,False,True,0.9486334990731413,0
2025-07-25,2025-07-25,Brent_Dubai,44.71,-4.360794772450026,-60.29945779047426,52.16926529610952,-6.2124794520548,False,False,True,True,1.851684679604774,0
2025-07-25,2025-07-25,Brent_WTI,54.510000000000005,0.3880001521502764,-5.760635781389578,6.445188755708374,-0.4084794520547927,False,True,False,True,0.796479604205069,0
2025-07-25,2025-07-25,Eurobob_USGC_Gasoline,52.78,18.192885424660357,-388.60055978804183,426.6089099419351,15.982058228187936,True,True,True,True,2.2108271964724207,0
2025-07-25,2025-07-25,Rotterdam_Singapore_Gasoil,52.14,1.132501970034745,-32.8738967657326,35.12366566765105,-0.2645100671140918,False,True,False,True,1.3970120371488368,0
2025-07-25,2025-07-28,Brent_Dubai,45.45,-4.678225264149192,-61.98189093765013,51.68186852780254,-4.837232876712322,False,False,True,True,0.1590076125631299,3
2025-07-25,2025-07-28,Brent_WTI,55.7,0.46847890958918426,-5.733564713003956,6.498179328297155,-0.3552328767123163,False,True,False,True,0.8237117863015005,3
2025-07-25,2025-07-28,Eurobob_USGC_Gasoline,53.339999999999996,21.71241046190486,-384.3486252515245,431.4068722997852,13.487960469798669,True,True,True,True,8.22444999210619,3
2025-07-25,2025-07-28,Rotterdam_Singapore_Gasoil,51.849999999999994,1.1331035214999938,-32.80685316352568,35.64782409781586,-0.637657718120804,False,True,False,True,1.7707612396207977,3
2025-07-28,2025-07-28,Brent_Dubai,36.16,-3.452093215584965,-19.623994716639903,12.803569157356739,-4.837232876712322,False,False,True,True,1.3851396611273565,0
2025-07-28,2025-07-28,Brent_WTI,55.25,0.46552886444096947,-5.616131139443096,6.6879569089461794,-0.3552328767123163,False,True,False,True,0.8207617411532857,0
2025-07-28,2025-07-28,Eurobob_USGC_Gasoline,53.43,15.798556239411921,-278.95056010820616,307.6536333204795,13.487960469798669,True,True,True,True,2.3105957696132524,0
2025-07-28,2025-07-28,Rotterdam_Singapore_Gasoil,51.82,0.5976164337724694,-29.888788877730875,31.008123163351904,-0.637657718120804,False,True,False,True,1.2352741518932735,0
2025-07-28,2025-07-28,Brent_Dubai,35.92,-3.518658516835146,-19.714019152148285,12.388682925051288,-4.837232876712322,False,False,True,True,1.3185743598771755,0
2025-07-28,2025-07-28,Brent_WTI,54.59,0.44162945814069426,-5.667654496970929,6.609996567582658,-0.3552328767123163,False,True,False,True,0.7968623348530106,0
2025-07-28,2025-07-28,Eurobob_USGC_Gasoline,53.449999999999996,14.905728945189884,-282.68020390317366,310.5139363387496,13.487960469798669,True,True,True,True,1.417768475391215,0
2025-07-28,2025-07-28,Rotterdam_Singapore_Gasoil,50.129999999999995,0.3051648623877507,-30.33648580895689,30.963858345198744,-0.637657718120804,False,True,False,True,0.9428225805085546,0
2025-07-28,2025-07-28,Brent_Dubai,36.25,-3.3426756483587976,-19.486973638830438,13.21021218650863,-4.837232876712322,False,False,True,True,1.494557228353524,0
2025-07-28,2025-07-28,Brent_WTI,54.97,0.45466143002246,-5.792058704783228,6.602193624617478,-0.3552328767123163,False,True,False,True,0.8098943067347764,0
2025-07-28,2025-07-28,Eurobob_USGC_Gasoline,52.62,14.140215078617976,-278.36390313980866,314.5529506521711,13.487960469798669,True,True,True,True,0.6522546088193071,0
2025-07-28,2025-07-28,Rotterdam_Singapore_Gasoil,51.480000000000004,0.6377334145437963,-30.228588440469718,30.670589227398885,-0.637657718120804,False,True,False,True,1.2753911326646001,0
2025-07-28,2025-07-29,Brent_Dubai,35.839999999999996,-3.5812014774991336,-19.242609909944584,12.681781469974808,-2.624712328767117,False,False,True,True,0.9564891487320168,1
2025-07-28,2025-07-29,Brent_WTI,54.64,0.4468322261934766,-5.542813934953124,6.626376580635655,-0.4047123287671124,False,True,False,True,0.851544554960589,1
2025-07-28,2025-07-29,Eurobob_USGC_Gasoline,53.04,13.716563350399843,-282.1997210231959,308.64986505856524,9.923207919463108,True,True,True,True,3.793355430936735,1
2025-07-28,2025-07-29,Rotterdam_Singapore_Gasoil,51.7,0.707071958932439,-29.82430857144859,31.437851563987586,-0.3083221476510033,False,True,False,True,1.0153941065834422,1
2025-07-29,2025-07-29,Brent_Dubai,48.0,-1.4697575721986398,-50.565488191956526,46.61028543632571,-2.624712328767117,False,False,True,True,1.154954756568477,0
2025-07-29,2025-07-29,Brent_WTI,55.669999999999995,0.4759034599995403,-5.551264197531405,6.52943935382585,-0.4047123287671124,False,True,False,True,0.8806157887666527,0
2025-07-29,2025-07-29,Eurobob_USGC_Gasoline,66.49000000000001,11.056853980870299,-32.9652035997436,54.33743994434914,9.923207919463108,True,True,True,True,1.133646061407191,0
2025-07-29,2025-07-29,Rotterdam_Singapore_Gasoil,51.839999999999996,1.1154595689835896,-34.32214029063625,35.948244968757564,-0.3083221476510033,False,True,False,True,1.423781716634593,0
2025-07-29,2025-07-29,Brent_Dubai,48.559999999999995,-1.1885691934782294,-49.78177566531015,47.86721203729497,-2.624712328767117,False,False,True,True,1.4361431352888874,0
2025-07-29,2025-07-29,Brent_WTI,54.22,0.4344012195184592,-5.695669786519773,6.519919793997693,-0.4047123287671124,False,True,False,True,0.8391135482855716,0
2025-07-29,2025-07-29,Eurobob_USGC_Gasoline,66.03,11.159727619835174,-32.90305321800354,55.323668770108135,9.923207919463108,True,True,True,True,1.2365197003720656,0
2025-07-29,2025-07-29,Rotterdam_Singapore_Gasoil,50.77,0.5322681234448795,-34.185802975884314,35.534984451514894,-0.3083221476510033,False,True,False,True,0.8405902710958828,0
2025-07-29,2025-07-29,Brent_Dubai,48.47,-0.7767167649405984,-49.000411164915846,47.64157794339303,-2.624712328767117,False,False,True,True,1.8479955638265184,0
2025-07-29,2025-07-29,Brent_WTI,55.730000000000004,0.4917495479413372,-5.577469059429337,6.569578660532471,-0.4047123287671124,False,True,False,True,0.8964618767084496,0
2025-07-29,2025-07-29,Eurobob_USGC_Gasoline,66.35,11.239856216298088,-32.46877407761694,54.53759693478871,9.923207919463108,True,True,True,True,1.3166482968349804,0
2025-07-29,2025-07-29,Rotterdam_Singapore_Gasoil,51.459999999999994,0.8036199805659459,-34.848911994428754,35.22024713599553,-0.3083221476510033,False,True,False,True,1.111942128216949,0
2025-07-29,2025-07-30,Brent_Dubai,48.54,-0.9701861911611425,-50.415304481333834,49.0806999554123,-1.9686575342465844,False,False,True,True,0.9984713430854419,1
2025-07-29,2025-07-30,Brent_WTI,54.67999999999999,0.4296470046101551,-5.633387450777618,6.570277537066457,-0.5166575342465805,False,True,False,True,0.9463045388567355,1
2025-07-29,2025-07-30,Eurobob_USGC_Gasoline,66.06,10.978392834544746,-32.55995175133924,54.51721987260211,6.862372510067124,True,True,True,True,4.1160203244776215,1
2025-07-29,2025-07-30,Rotterdam_Singapore_Gasoil,51.62,0.8581184053634239,-33.96471308756347,35.22555982841554,0.0570268456375986,True,True,True,True,0.8010915597258252,1
2025-07-30,2025-07-30,Brent_Dubai,50.13999999999999,-0.3765784955677141,-71.82305043238479,69.63046202954412,-1.9686575342465844,False,True,False,True,1.5920790386788704,0
2025-07-30,2025-07-30,Brent_WTI,53.42,0.30828648805576586,-5.662813355914134,6.202166789412389,-0.5166575342465805,False,True,False,True,0.8249440223023463,0
2025-07-30,2025-07-30,Eurobob_USGC_Gasoline,53.690000000000005,6.990419330674858,-112.36690981549954,125.8319004303542,6.862372510067124,True,True,True,True,0.1280468206077341,0
2025-07-30,2025-07-30,Rotterdam_Singapore_Gasoil,52.019999999999996,1.0369059299750194,-37.918620495671576,39.64419938056235,0.0570268456375986,True,True,True,True,0.9798790843374208,0
2025-07-30,2025-07-30,Brent_Dubai,48.29,-1.4989338766859028,-71.04722684986746,68.28979412494817,-1.9686575342465844,False,False,True,True,0.4697236575606816,0
2025-07-30,2025-07-30,Brent_WTI,53.68000000000001,0.3188474491625295,-5.631947604708123,6.253788129918641,-0.5166575342465805,False,True,False,True,0.83550498340911,0
2025-07-30,2025-07-30,Eurobob_USGC_Gasoline,54.620000000000005,7.667911879907492,-109.49133652915536,125.96260014141635,6.862372510067124,True,True,True,True,0.8055393698403677,0
2025-07-30,2025-07-30,Rotterdam_Singapore_Gasoil,53.25,1.5738569432921823,-37.544329455837826,39.767346327866306,0.0570268456375986,True,True,True,True,1.5168300976545837,0
2025-07-30,2025-07-30,Brent_Dubai,49.34,-0.702605917669133,-70.71118553447934,69.38760681000971,-1.9686575342465844,False,False,True,True,1.2660516165774514,0
2025-07-30,2025-07-30,Brent_WTI,53.28000000000001,0.2965527546885898,-5.636595052946014,6.322779438263441,-0.5166575342465805,False,True,False,True,0.8132102889351702,0
2025-07-30,2025-07-30,Eurobob_USGC_Gasoline,54.620000000000005,8.401106965454753,-110.04111666041128,127.82851145282802,6.862372510067124,True,True,True,True,1.5387344553876288,0
2025-07-30,2025-07-30,Rotterdam_Singapore_Gasoil,52.16,1.314795757887332,-37.34572450201882,40.387798679168775,0.0570268456375986,True,True,True,True,1.2577689122497333,0
2025-07-30,2025-07-31,Brent_Dubai,49.8,-0.3354043329586657,-70.21587066106487,69.85321382105643,-2.7510958904109577,False,False,True,True,2.415691557452292,1
2025-07-30,2025-07-31,Brent_WTI,52.61,0.26684794964833053,-5.53923390415752,6.2167497676800005,-0.5450958904109628,False,True,False,True,0.8119438400592933,1
2025-07-30,2025-07-31,Eurobob_USGC_Gasoline,55.08,9.88953044442831,-109.14005026081779,129.37270600237645,9.119359731543614,True,True,True,True,0.7701707128846955,1
2025-07-30,2025-07-31,Rotterdam_Singapore_Gasoil,52.580000000000005,1.3098988777138045,-37.240119883338814,39.74560438049153,-0.2504295302013259,False,True,False,True,1.5603284079151305,1
2025-07-31,2025-07-31,Brent_Dubai,48.25,-1.0669422549382799,-49.48700169855667,46.66127089857057,-2.7510958904109577,False,False,True,True,1.6841536354726778,0
2025-07-31,2025-07-31,Brent_WTI,53.300000000000004,0.2913103302642371,-5.668710481768255,6.342460735429527,-0.5450958904109628,False,True,False,True,0.8364062206751999,0
2025-07-31,2025-07-31,Eurobob_USGC_Gasoline,63.05,10.096999001623484,-42.213899194446526,61.65841164327867,9.119359731543614,True,True,True,True,0.9776392700798695,0
2025-07-31,2025-07-31,Rotterdam_Singapore_Gasoil,51.61,1.0417475248448858,-34.286395582509,36.374492514702666,-0.2504295302013259,False,True,False,True,1.2921770550462117,0
2025-07-31,2025-07-31,Brent_Dubai,48.199999999999996,-1.529684872828037,-50.95129333409604,46.9080953425237,-2.7510958904109577,False,False,True,True,1.2214110175829207,0
2025-07-31,2025-07-31,Brent_WTI,53.68000000000001,0.30632601006117605,-5.734012449230126,6.255023819300878,-0.5450958904109628,False,True,False,True,0.8514219004721388,0
2025-07-31,2025-07-31,Eurobob_USGC_Gasoline,63.63999999999999,10.976813256369423,-39.79500251814332,61.28077192468849,9.119359731543614,True,True,True,True,1.857453524825809,0
2025-07-31,2025-07-31,Rotterdam_Singapore_Gasoil,51.190000000000005,0.6078331464240794,-34.4713322955388,35.04510613452403,-0.2504295302013259,False,True,False,True,0.8582626766254053,0
2025-07-31,2025-07-31,Brent_Dubai,48.15,-1.138424607505617,-50.10673413322816,47.71824074608002,-2.7510958904109577,False,False,True,True,1.6126712829053407,0
2025-07-31,2025-07-31,Brent_WTI,53.349999999999994,0.30959258748934326,-5.719707779329576,6.336679328395752,-0.5450958904109628,False,True,False,True,0.8546884779003061,0
2025-07-31,2025-07-31,Eurobob_USGC_Gasoline,63.349999999999994,10.365524204815447,-40.8670223005676,61.37007405474926,9.119359731543614,True,True,True,True,1.2461644732718327,0
2025-07-31,2025-07-31,Rotterdam_Singapore_Gasoil,52.65,1.2713192799649584,-34.39465660329005,36.39525020524639,-0.2504295302013259,False,True,False,True,1.5217488101662844,0
2025-07-31,2025-08-01,Brent_Dubai,47.99,-1.6844551075978038,-50.28360740812258,46.98287514523626,-6.368726027397264,False,False,True,True,4.684270919799459,1
2025-07-31,2025-08-01,Brent_WTI,52.25,0.2507377167648293,-5.659405474447201,6.27467765540377,-1.5887260273972572,False,True,False,True,1.8394637441620865,1
2025-07-31,2025-08-01,Eurobob_USGC_Gasoline,62.949999999999996,10.376978303649235,-40.3508477114102,60.2905492681535,14.312867865771814,True,True,True,True,3.935889562122579,1
2025-07-31,2025-08-01,Rotterdam_Singapore_Gasoil,52.910000000000004,1.4571052811259448,-33.10083966005689,36.350072796851734,-1.03491275167785,False,True,False,True,2.492018032803795,1
2025-08-01,2025-08-01,Brent_Dubai,43.95,-5.140202172724174,-58.51477311589289,48.10199231163298,-6.368726027397264,False,False,True,True,1.2285238546730897,0
2025-08-01,2025-08-01,Brent_WTI,39.09,-0.7524608120075754,-5.01602538359854,3.5035916453091334,-1.5887260273972572,False,False,True,True,0.8362652153896818,0
2025-08-01,2025-08-01,Eurobob_USGC_Gasoline,52.800000000000004,15.140729295970509,-340.8942140403721,371.2961617916222,14.312867865771814,True,True,True,True,0.8278614301986948,0
2025-08-01,2025-08-01,Rotterdam_Singapore_Gasoil,50.56,0.15952366097294943,-25.08374816060684,26.19064315616752,-1.03491275167785,False,True,False,True,1.1944364126507994,0
2025-08-01,2025-08-01,Brent_Dubai,44.25,-4.990775388426204,-58.66541317729568,49.35339634239958,-6.368726027397264,False,False,True,True,1.3779506389710594,0
2025-08-01,2025-08-01,Brent_WTI,38.86,-0.7740520989278916,-5.085232247036787,3.5983850342670323,-1.5887260273972572,False,False,True,True,0.8146739284693656,0
2025-08-01,2025-08-01,Eurobob_USGC_Gasoline,51.61,12.631996997266114,-346.1315383310053,376.135489268686,14.312867865771814,True,True,True,True,1.6808708685056999,0
2025-08-01,2025-08-01,Rotterdam_Singapore_Gasoil,50.67,0.33362245943875707,-25.06665706286051,25.821535771171597,-1.03491275167785,False,True,False,True,1.3685352111166071,0
2025-08-01,2025-08-01,Brent_Dubai,43.88,-4.854106294631732,-58.503204787649594,48.291999359940135,-6.368726027397264,False,False,True,True,1.5146197327655315,0
2025-08-01,2025-08-01,Brent_WTI,38.800000000000004,-0.7286367162455594,-5.04118411901288,3.6204290171420324,-1.5887260273972572,False,False,True,True,0.8600893111516978,0
2025-08-01,2025-08-01,Eurobob_USGC_Gasoline,52.449999999999996,12.653297073764344,-353.08443443504143,372.1211430044362,14.312867865771814,True,True,True,True,1.6595707920074698,0
2025-08-01,2025-08-01,Rotterdam_Singapore_Gasoil,51.64,0.5166809812784824,-25.128532982712354,25.8031540749075,-1.03491275167785,False,True,False,True,1.5515937329563325,0
2025-08-01,2025-08-04,Brent_Dubai,44.4,-4.919142942139837,-59.32030138618394,48.176830550402336,-6.439945205479442,False,False,True,True,1.520802263339605,3
2025-08-01,2025-08-04,Brent_WTI,38.48,-0.7685829878469728,-5.137916043179833,3.5891066836979464,-1.4879452054794533,False,False,True,True,0.7193622176324805,3
2025-08-01,2025-08-04,Eurobob_USGC_Gasoline,52.55,13.84462626562753,-342.63859458751136,375.3720034477782,14.251998604026834,True,True,True,True,0.40737233839930376,3
2025-08-01,2025-08-04,Rotterdam_Singapore_Gasoil,50.29,0.11714685819049792,-25.360901447070137,25.89958114009147,-0.6312684563758523,False,True,False,True,0.7484153145663501,3
2025-08-04,2025-08-04,Brent_Dubai,45.08,-4.282377016761843,-59.29166834901807,51.780673240284166,-6.439945205479442,False,False,True,True,2.1575681887175993,0
2025-08-04,2025-08-04,Brent_WTI,40.11,-0.7082061544433131,-5.2576250700555125,3.7597798791984904,-1.4879452054794533,False,False,True,True,0.7797390510361402,0
2025-08-04,2025-08-04,Eurobob_USGC_Gasoline,51.849999999999994,12.053286961876065,-354.91013654834154,384.095165022834,14.251998604026834,True,True,True,True,2.1987116421507693,0
2025-08-04,2025-08-04,Rotterdam_Singapore_Gasoil,51.54,0.9115871291486867,-29.312029316105367,31.74400345035506,-0.6312684563758523,False,True,False,True,1.542855585524539,0
2025-08-04,2025-08-04,Brent_Dubai,44.13,-4.984754809516947,-60.980052085422734,50.22027084940881,-6.439945205479442,False,False,True,True,1.4551903959624948,0
2025-08-04,2025-08-04,Brent_WTI,40.47,-0.6700559183387942,-5.171403993152061,3.915612731082608,-1.4879452054794533,False,False,True,True,0.8178892871406591,0
2025-08-04,2025-08-04,Eurobob_USGC_Gasoline,52.94,14.96634203422039,-348.3876033137164,380.87532072036714,14.251998604026834,True,True,True,True,0.714343430193555,0
2025-08-04,2025-08-04,Rotterdam_Singapore_Gasoil,51.480000000000004,0.6044664236311242,-29.808039729234096,31.436510109636863,-0.6312684563758523,False,True,False,True,1.2357348800069765,0
2025-08-04,2025-08-04,Brent_Dubai,42.88,-5.623998421482552,-60.437972362346144,50.72607791158444,-6.439945205479442,False,False,True,True,0.8159467839968899,0
2025-08-04,2025-08-04,Brent_WTI,40.53,-0.6788265474823978,-5.215630432952825,3.828599437954481,-1.4879452054794533,False,False,True,True,0.8091186579970555,0
2025-08-04,2025-08-04,Eurobob_USGC_Gasoline,52.68000000000001,14.186080970465095,-348.9737850976361,384.1295981413129,14.251998604026834,True,True,True,True,0.06591763356173885,0
2025-08-04,2025-08-04,Rotterdam_Singapore_Gasoil,50.67,0.3958686193594108,-29.8197273555087,30.557046928461148,-0.6312684563758523,False,True,False,True,1.0271370757352631,0
2025-08-04,2025-08-05,Brent_Dubai,44.1,-4.939602251207818,-60.64539149358411,50.49909637642139,-6.524397260273979,False,False,True,True,1.5847950090661609,1
2025-08-04,2025-08-05,Brent_WTI,41.18,-0.6152006450510816,-5.138944944505586,3.893535646504796,-1.5233972602739687,False,False,True,True,0.9081966152228871,1
2025-08-04,2025-08-05,Eurobob_USGC_Gasoline,52.290000000000006,14.867023070897039,-352.1829921897627,382.92985409375484,14.339147436241626,True,True,True,True,0.5278756346554125,1
2025-08-04,2025-08-05,Rotterdam_Singapore_Gasoil,51.160000000000004,0.6151611025066261,-29.081856095010032,31.222220485626256,-0.9711140939597428,False,True,False,True,1.586275196466369,1
2025-08-05,2025-08-05,Brent_Dubai,44.190000000000005,-4.760267412830395,-61.15252813915843,51.23670063890885,-6.524397260273979,False,False,True,True,1.7641298474435843,0
2025-08-05,2025-08-05,Brent_WTI,39.35,-0.7220392896523301,-5.301009824261903,3.842759384782029,-1.5233972602739687,False,False,True,True,0.8013579706216386,0
2025-08-05,2025-08-05,Eurobob_USGC_Gasoline,52.96999999999999,15.208567377676163,-356.0051999513481,380.76348561966523,14.339147436241626,True,True,True,True,0.8694199414345363,0
2025-08-05,2025-08-05,Rotterdam_Singapore_Gasoil,51.1,0.2400427471897885,-25.931455324338565,26.468898286354953,-0.9711140939597428,False,True,False,True,1.2111568411495313,0
2025-08-05,2025-08-05,Brent_Dubai,44.019999999999996,-5.153535690020268,-61.51122279309131,51.39809270955574,-6.524397260273979,False,False,True,True,1.3708615702537106,0
2025-08-05,2025-08-05,Brent_WTI,39.190000000000005,-0.7660884605292433,-5.403572346556864,3.8194144279129962,-1.5233972602739687,False,False,True,True,0.7573087997447254,0
2025-08-05,2025-08-05,Eurobob_USGC_Gasoline,52.480000000000004,16.50464528908709,-359.6125108249373,397.2434542897896,14.339147436241626,True,True,True,True,2.165497852845464,0
2025-08-05,2025-08-05,Rotterdam_Singapore_Gasoil,50.57000000000001,0.21790932818971104,-26.316880815577992,27.502516358216123,-0.9711140939597428,False,True,False,True,1.1890234221494538,0
2025-08-05,2025-08-05,Brent_Dubai,44.17,-5.105637787209329,-61.548588606750286,50.69825005838022,-6.524397260273979,False,False,True,True,1.4187594730646502,0
2025-08-05,2025-08-05,Brent_WTI,40.129999999999995,-0.7289165870614126,-5.270832426906492,3.8463835892605074,-1.5233972602739687,False,False,True,True,0.7944806732125561,0
2025-08-05,2025-08-05,Eurobob_USGC_Gasoline,52.76,14.193107936780597,-367.23367050091247,391.00820088987706,14.339147436241626,True,True,True,True,0.146039499461029,0
2025-08-05,2025-08-05,Rotterdam_Singapore_Gasoil,51.81,0.7294436109502236,-25.664927817148808,27.260839533808937,-0.9711140939597428,False,True,False,True,1.7005577049099663,0
2025-08-05,2025-08-06,Brent_Dubai,44.1,-5.195815975892175,-61.649139415937064,51.25200012066002,-6.952808219178083,False,False,True,True,1.7569922432859082,1
2025-08-05,2025-08-06,Brent_WTI,39.42,-0.7103904394448622,-5.244507270354613,3.913200794526503,-1.5478082191780764,False,False,True,True,0.8374177797332142,1
2025-08-05,2025-08-06,Eurobob_USGC_Gasoline,52.949999999999996,17.881023179718504,-351.4540836358657,399.87384544481785,14.987106523489931,True,True,True,True,2.8939166562285727,1
2025-08-05,2025-08-06,Rotterdam_Singapore_Gasoil,51.07000000000001,0.3666206034431467,-26.072034869457866,26.560826607945373,-0.4632214765100565,False,True,False,True,0.8298420799532031,1
2025-08-06,2025-08-06,Brent_Dubai,44.83,-5.769506603220509,-72.76606947727889,61.20784580909982,-6.952808219178083,False,False,True,True,1.183301615957574,0
2025-08-06,2025-08-06,Brent_WTI,39.910000000000004,-0.7450010952824101,-5.52390347953986,4.062091254691741,-1.5478082191780764,False,False,True,True,0.8028071238956663,0
2025-08-06,2025-08-06,Eurobob_USGC_Gasoline,52.73,13.933378259043328,-361.6602284938639,388.1452876307827,14.987106523489931,True,True,True,True,1.0537282644466028,0
2025-08-06,2025-08-06,Rotterdam_Singapore_Gasoil,51.32,0.8012114611202427,-32.25888551714628,34.39261937135257,-0.4632214765100565,False,True,False,True,1.2644329376302992,0
2025-08-06,2025-08-06,Brent_Dubai,43.75,-5.772661760485023,-72.30310463920873,60.40666846940293,-6.952808219178083,False,False,True,True,1.1801464586930601,0
2025-08-06,2025-08-06,Brent_WTI,39.42,-0.7506537305829343,-5.396668405880921,4.02084106741353,-1.5478082191780764,False,False,True,True,0.7971544885951422,0
2025-08-06,2025-08-06,Eurobob_USGC_Gasoline,52.65,14.445791880477257,-367.06514278803644,394.96549262589025,14.987106523489931,True,True,True,True,0.5413146430126741,0
2025-08-06,2025-08-06,Rotterdam_Singapore_Gasoil,51.339999999999996,0.7168106914303728,-31.607787257972788,34.25792138270481,-0.4632214765100565,False,True,False,True,1.1800321679404293,0
2025-08-06,2025-08-06,Brent_Dubai,45.24,-5.363730647712305,-72.11528191526682,61.354366807507155,-6.952808219178083,False,False,True,True,1.5890775714657783,0
2025-08-06,2025-08-06,Brent_WTI,40.17,-0.7204832954283211,-5.381028223748272,3.963774491353183,-1.5478082191780764,False,False,True,True,0.8273249237497553,0
2025-08-06,2025-08-06,Eurobob_USGC_Gasoline,52.0,11.632365266531382,-371.11400241356847,395.409429272903,14.987106523489931,True,True,True,True,3.3547412569585493,0
2025-08-06,2025-08-06,Rotterdam_Singapore_Gasoil,51.1,0.6469122675669907,-32.47449310304498,34.15783394837175,-0.4632214765100565,False,True,False,True,1.1101337440770473,0
2025-08-06,2025-08-07,Brent_Dubai,44.98,-5.662976240042465,-72.50782738122759,61.602370064157874,-7.390301369863011,False,False,True,True,1.7273251298205468,1
2025-08-06,2025-08-07,Brent_WTI,40.31,-0.7267211822941472,-5.459523580726308,3.9468355304712754,-1.5443013698630097,False,False,True,True,0.8175801875688625,1
2025-08-06,2025-08-07,Eurobob_USGC_Gasoline,53.39,20.399088072193063,-364.10656935531813,407.8291942674708,15.605814013422824,True,True,True,True,4.793274058770239,1
2025-08-06,2025-08-07,Rotterdam_Singapore_Gasoil,51.44,0.500241092951685,-32.51555582801739,33.48076801577334,-0.6637785234899248,False,True,False,True,1.16401961644161,1
2025-08-07,2025-08-07,Brent_Dubai,45.379999999999995,-5.691975877890926,-84.2734033898562,72.68743791966945,-7.390301369863011,False,False,True,True,1.698325491972085,0
2025-08-07,2025-08-07,Brent_WTI,40.46,-0.701644211198802,-5.286162241756119,3.9966470751470116,-1.5443013698630097,False,False,True,True,0.8426571586642077,0
2025-08-07,2025-08-07,Eurobob_USGC_Gasoline,52.75,18.410407297169115,-413.87970256637755,453.1989035971449,15.605814013422824,True,True,True,True,2.804593283746291,0
2025-08-07,2025-08-07,Rotterdam_Singapore_Gasoil,51.42,0.5992747305621079,-30.41508134407277,31.42699175676949,-0.6637785234899248,False,True,False,True,1.2630532540520327,0
2025-08-07,2025-08-07,Brent_Dubai,44.91,-6.139803176732,-85.58366009410199,73.23060309809428,-7.390301369863011,False,False,True,True,1.250498193131011,0
2025-08-07,2025-08-07,Brent_WTI,41.089999999999996,-0.6925036126262777,-5.455013980716444,3.9902135537929855,-1.5443013698630097,False,False,True,True,0.851797757236732,0
2025-08-07,2025-08-07,Eurobob_USGC_Gasoline,52.51,17.757752282661826,-415.74662823358904,449.4052285496711,15.605814013422824,True,True,True,True,2.151938269239002,0
2025-08-07,2025-08-07,Rotterdam_Singapore_Gasoil,52.09,0.842151050830492,-30.282922810465042,31.445303229742596,-0.6637785234899248,False,True,False,True,1.5059295743204169,0
2025-08-07,2025-08-07,Brent_Dubai,45.12,-5.411650211073642,-83.25529163577765,72.41140687205119,-7.390301369863011,False,False,True,True,1.9786511587893694,0
2025-08-07,2025-08-07,Brent_WTI,39.75,-0.7503939611055747,-5.457340092803513,3.982678754137796,-1.5443013698630097,False,False,True,True,0.793907408757435,0
2025-08-07,2025-08-07,Eurobob_USGC_Gasoline,51.65,12.215430499606978,-423.07617681517826,438.14422118740606,15.605814013422824,True,True,True,True,3.3903835138158467,0
2025-08-07,2025-08-07,Rotterdam_Singapore_Gasoil,51.1,0.44227919095950075,-30.719241700685714,31.576092993114383,-0.6637785234899248,False,True,False,True,1.1060577144494257,0
2025-08-07,2025-08-08,Brent_Dubai,44.92,-5.249484934092753,-84.00967026602413,73.89803340823006,-7.338287671232876,False,False,True,True,2.0888027371401225,1
2025-08-07,2025-08-08,Brent_WTI,39.989999999999995,-0.7470829771139964,-5.526328445508986,4.023751275718136,-1.3972876712328757,False,False,True,True,0.6502046941188793,1
2025-08-07,2025-08-08,Eurobob_USGC_Gasoline,53.300000000000004,18.406377810617762,-418.26195630695634,442.79499328625184,15.729642416107383,True,True,True,True,2.676735394510379,1
2025-08-07,2025-08-08,Rotterdam_Singapore_Gasoil,51.0,0.6997353790352044,-30.796309105140324,32.38753280269453,-0.3975302013422812,False,True,False,True,1.0972655803774856,1
2025-08-08,2025-08-08,Brent_Dubai,45.6,-5.144436157893404,-83.78148793693796,72.8613471997483,-7.338287671232876,False,False,True,True,2.193851513339472,0
2025-08-08,2025-08-08,Brent_WTI,42.83,-0.5574714323822841,-5.587910506691975,4.395235756950562,-1.3972876712328757,False,False,True,True,0.8398162388505915,0
2025-08-08,2025-08-08,Eurobob_USGC_Gasoline,51.73,15.768763288262827,-424.73590378236685,464.3763883266653,15.729642416107383,True,True,True,True,0.039120872155443465,0
2025-08-08,2025-08-08,Rotterdam_Singapore_Gasoil,51.67,0.9273013898056324,-32.55699422443513,34.47868497652587,-0.3975302013422812,False,True,False,True,1.3248315911479136,0
2025-08-08,2025-08-08,Brent_Dubai,44.95,-5.8344797989512305,-82.98658853686773,71.34630309568479,-7.338287671232876,False,False,True,True,1.5038078722816453,0
2025-08-08,2025-08-08,Brent_WTI,42.43,-0.5603499132425669,-5.565609299160682,4.495285475839218,-1.3972876712328757,False,False,True,True,0.8369377579903088,0
2025-08-08,2025-08-08,Eurobob_USGC_Gasoline,52.629999999999995,18.869173138171714,-423.6425084802037,459.59242678404814,15.729642416107383,True,True,True,True,3.1395307220643307,0
2025-08-08,2025-08-08,Rotterdam_Singapore_Gasoil,51.01,0.7122535851097896,-32.57917319877437,34.557267154110455,-0.3975302013422812,False,True,False,True,1.1097837864520708,0
2025-08-08,2025-08-08,Brent_Dubai,46.29,-4.9898831712317095,-83.91308211019074,73.21045928075277,-7.338287671232876,False,False,True,True,2.348404500001166,0
2025-08-08,2025-08-08,Brent_WTI,42.64,-0.5849948484947534,-5.601124832403019,4.411164767088603,-1.3972876712328757,False,False,True,True,0.8122928227381223,0
2025-08-08,2025-08-08,Eurobob_USGC_Gasoline,52.73,19.709733381339245,-426.68136810517495,467.97616620140593,15.729642416107383,True,True,True,True,3.9800909652318612,0
2025-08-08,2025-08-08,Rotterdam_Singapore_Gasoil,51.160000000000004,0.6367630954932787,-33.19944232210744,34.25629074908467,-0.3975302013422812,False,True,False,True,1.0342932968355598,0
2025-08-08,2025-08-11,Brent_Dubai,45.21,-5.642256101858124,-84.5619712116123,72.66104012515733,-7.113780821917813,False,False,True,True,1.4715247200596888,3
2025-08-08,2025-08-11,Brent_WTI,42.059999999999995,-0.6080783705871247,-5.576837454832495,4.417679593143342,-1.4437808219178137,False,False,True,True,0.835702451330689,3
2025-08-08,2025-08-11,Eurobob_USGC_Gasoline,52.07000000000001,15.284537433865362,-430.74548251735047,468.43110878131074,15.949305946308732,True,True,True,True,0.66476851244337,3
2025-08-08,2025-08-11,Rotterdam_Singapore_Gasoil,51.29,0.8312828724809329,-33.047465546135115,34.90574442063049,-0.6347651006711422,False,True,False,True,1.466047973152075,3
2025-08-11,2025-08-11,Brent_Dubai,44.05,-6.097553604472893,-76.15017862364864,64.32283196158444,-7.113780821917813,False,False,True,True,1.0162272174449205,0
2025-08-11,2025-08-11,Brent_WTI,41.870000000000005,-0.6240560574357519,-5.612616336411203,4.4587440536855665,-1.4437808219178137,False,False,True,True,0.8197247644820618,0
2025-08-11,2025-08-11,Eurobob_USGC_Gasoline,52.01,12.348244952676724,-471.6381444215267,485.39260690127276,15.949305946308732,True,True,True,True,3.6010609936320073,0
2025-08-11,2025-08-11,Rotterdam_Singapore_Gasoil,51.42,0.5964598452089924,-29.30194850791318,30.930291201145057,-0.6347651006711422,False,True,False,True,1.2312249458801348,0
2025-08-11,2025-08-11,Brent_Dubai,45.39,-5.157103989729582,-76.58590917890918,66.53329399830709,-7.113780821917813,False,False,True,True,1.956676832188231,0
2025-08-11,2025-08-11,Brent_WTI,41.83,-0.6330363049963759,-5.58810343803903,4.233596821930164,-1.4437808219178137,False,False,True,True,0.8107445169214378,0
2025-08-11,2025-08-11,Eurobob_USGC_Gasoline,52.739999999999995,15.529430690594154,-458.5370016049109,485.2779438870967,15.949305946308732,True,True,True,True,0.41987525571457773,0
2025-08-11,2025-08-11,Rotterdam_Singapore_Gasoil,51.43,0.7835277110641786,-29.848881617389452,31.389725189393793,-0.6347651006711422,False,True,False,True,1.4182928117353208,0
2025-08-11,2025-08-11,Brent_Dubai,45.14,-5.38109045881576,-75.7804454806966,65.03839390406718,-7.113780821917813,False,False,True,True,1.7326903631020532,0
2025-08-11,2025-08-11,Brent_WTI,42.39,-0.5795943965023013,-5.552937019879664,4.33793492219285,-1.4437808219178137,False,False,True,True,0.8641864254155124,0
2025-08-11,2025-08-11,Eurobob_USGC_Gasoline,51.9,9.90710368200823,-468.75078986473613,480.9418022698004,15.949305946308732,True,True,True,True,6.042202264300501,0
2025-08-11,2025-08-11,Rotterdam_Singapore_Gasoil,50.71,0.4363712634345835,-29.80692003646254,30.963389019258187,-0.6347651006711422,False,True,False,True,1.0711363641057257,0
2025-08-11,2025-08-12,Brent_Dubai,45.93,-4.480192768753181,-74.4028222664308,66.16670517542843,-7.284301369863003,False,False,True,True,2.8041086011098217,1
2025-08-11,2025-08-12,Brent_WTI,42.4,-0.5710159552696815,-5.531328624185375,4.359593609773903,-1.144301369863011,False,False,True,True,0.5732854145933294,1
2025-08-11,2025-08-12,Eurobob_USGC_Gasoline,52.87,18.137042869359835,-450.6022909980415,483.2292396485108,16.44106825503356,True,True,True,True,1.6959746143262748,1
2025-08-11,2025-08-12,Rotterdam_Singapore_Gasoil,51.67,0.8132236886755025,-30.042453579153882,31.632954031238558,-0.9288120805369098,False,True,False,True,1.7420357692124124,1
2025-08-12,2025-08-12,Brent_Dubai,45.050000000000004,-6.062446253052778,-82.30043739126121,71.33423509505442,-7.284301369863003,False,False,True,True,1.2218551168102243,0
2025-08-12,2025-08-12,Brent_WTI,47.03,-0.27635262255029636,-5.775199211780888,5.226392328877805,-1.144301369863011,False,False,True,True,0.8679487473127145,0
2025-08-12,2025-08-12,Eurobob_USGC_Gasoline,53.059999999999995,18.75197377895002,-455.7101539793816,488.823810311947,16.44106825503356,True,True,True,True,2.3109055239164604,0
2025-08-12,2025-08-12,Rotterdam_Singapore_Gasoil,51.080000000000005,0.29825713429190953,-25.900783628785405,26.69421094555393,-0.9288120805369098,False,True,False,True,1.2270692148288194,0
2025-08-12,2025-08-12,Brent_Dubai,45.06,-5.613368405629929,-81.42616110530463,70.82566385390211,-7.284301369863003,False,False,True,True,1.6709329642330735,0
2025-08-12,2025-08-12,Brent_WTI,46.45,-0.30628551423052675,-5.779499166985462,5.094328452600963,-1.144301369863011,False,False,True,True,0.8380158556324842,0
2025-08-12,2025-08-12,Eurobob_USGC_Gasoline,52.16,18.596416173779666,-452.9530522128826,495.67667308081604,16.44106825503356,True,True,True,True,2.1553479187461058,0
2025-08-12,2025-08-12,Rotterdam_Singapore_Gasoil,50.19,0.09547016042818254,-26.18810397377121,26.042991338115698,-0.9288120805369098,False,True,False,True,1.0242822409650922,0
2025-08-12,2025-08-12,Brent_Dubai,44.48,-6.329145277287488,-81.56933929269584,69.77354449263274,-7.284301369863003,False,False,True,True,0.9551560925755149,0
2025-08-12,2025-08-12,Brent_WTI,45.49,-0.33598096678610995,-5.80790549889319,5.118459192459344,-1.144301369863011,False,False,True,True,0.8083204030769009,0
2025-08-12,2025-08-12,Eurobob_USGC_Gasoline,52.78,15.869253538723452,-464.0782216308715,482.51373748551873,16.44106825503356,True,True,True,True,0.5718147163101079,0
2025-08-12,2025-08-12,Rotterdam_Singapore_Gasoil,51.1,0.4323949271820405,-25.766181977364653,26.605532748153966,-0.9288120805369098,False,True,False,True,1.3612070077189502,0
2025-08-12,2025-08-13,Brent_Dubai,44.78,-6.130781056422578,-80.93137213421971,68.96161207453515,-7.417767123287674,False,False,True,True,1.2869860668650954,1
2025-08-12,2025-08-13,Brent_WTI,46.5,-0.2731420596842528,-5.749412423670779,5.234104919370063,-1.1467671232876742,False,False,True,True,0.8736250636034213,1
2025-08-12,2025-08-13,Eurobob_USGC_Gasoline,51.99,12.828148299374128,-463.77679954750283,486.28327271823093,16.279658375838927,True,True,True,True,3.4515100764647997,1
2025-08-12,2025-08-13,Rotterdam_Singapore_Gasoil,50.71,0.23990797973186176,-26.031613936217116,26.351906602749366,-1.5966107382550228,False,True,False,True,1.8365187179868845,1
2025-08-13,2025-08-13,Brent_Dubai,45.21,-6.167558243925562,-85.61955153800265,73.10780651335739,-7.417767123287674,False,False,True,True,1.2502088793621118,0
2025-08-13,2025-08-13,Brent_WTI,45.87,-0.27803461005590774,-5.6959579370381785,5.255299332040709,-1.1467671232876742,False,False,True,True,0.8687325132317665,0
2025-08-13,2025-08-13,Eurobob_USGC_Gasoline,52.93,19.5092055489549,-425.17443426936603,470.1669914167534,16.279658375838927,True,True,True,True,3.2295471731159715,0
2025-08-13,2025-08-13,Rotterdam_Singapore_Gasoil,49.3,-0.28961993609494574,-18.08690882792587,17.318297061721886,-1.5966107382550228,False,False,True,True,1.306990802160077,0
2025-08-13,2025-08-13,Brent_Dubai,44.440000000000005,-6.242053329818411,-84.26940973562722,73.01815726615861,-7.417767123287674,False,False,True,True,1.1757137934692627,0
2025-08-13,2025-08-13,Brent_WTI,46.160000000000004,-0.34605659881922207,-5.793619466858751,5.04176054497621,-1.1467671232876742,False,False,True,True,0.800710524468452,0
2025-08-13,2025-08-13,Eurobob_USGC_Gasoline,52.44,16.33698955651918,-431.2893964641151,466.2007162999903,16.279658375838927,True,True,True,True,0.05733118068025078,0
2025-08-13,2025-08-13,Rotterdam_Singapore_Gasoil,48.6,-0.3362768551190567,-18.134211940328537,17.331307970639198,-1.5966107382550228,False,False,True,True,1.260333883135966,0
2025-08-13,2025-08-13,Brent_Dubai,44.55,-6.325555204768861,-85.2353697712848,72.68118528361748,-7.417767123287674,False,False,True,True,1.0922119185188128,0
2025-08-13,2025-08-13,Brent_WTI,46.45,-0.3186425667206026,-5.844394533704922,5.172302827304151,-1.1467671232876742,False,False,True,True,0.8281245565670716,0
2025-08-13,2025-08-13,Eurobob_USGC_Gasoline,52.82,19.089981832011926,-437.3267239349129,462.6135623707403,16.279658375838927,True,True,True,True,2.8103234561729984,0
2025-08-13,2025-08-13,Rotterdam_Singapore_Gasoil,48.77,-0.29675028694191125,-17.799728043577883,17.70712850226682,-1.5966107382550228,False,False,True,True,1.2998604513131116,0
2025-08-13,2025-08-14,Brent_Dubai,44.940000000000005,-6.221512098481904,-85.13597310960571,71.88079276599805,-6.972260273972593,False,False,True,True,0.7507481754906893,1
2025-08-13,2025-08-14,Brent_WTI,46.54,-0.2996592755840153,-5.770752061562172,5.259028650174752,-1.2532602739726006,False,False,True,True,0.9536009983885854,1
2025-08-13,2025-08-14,Eurobob_USGC_Gasoline,52.22,17.639576314276546,-424.2933748629959,467.00209248577147,15.009959999999992,True,True,True,True,2.6296163142765536,1
2025-08-13,2025-08-14,Rotterdam_Singapore_Gasoil,48.51,-0.3516923134441918,-17.710806561534532,17.063598929740042,-1.2108322147651045,False,False,True,True,0.8591399013209127,1
2025-08-14,2025-08-14,Brent_Dubai,44.57,-5.752119775450938,-72.02262784791866,59.80166270518991,-6.972260273972593,False,False,True,True,1.2201404985216557,0
2025-08-14,2025-08-14,Brent_WTI,44.99,-0.4004434100280317,-5.761620265621546,4.875884603301109,-1.2532602739726006,False,False,True,True,0.852816863944569,0
2025-08-14,2025-08-14,Eurobob_USGC_Gasoline,53.02,14.41326541512263,-350.4880985605174,376.92732607410744,15.009959999999992,True,True,True,True,0.5966945848773619,0
2025-08-14,2025-08-14,Rotterdam_Singapore_Gasoil,50.370000000000005,0.1672983960936396,-21.564243199351626,21.82842147335564,-1.2108322147651045,False,True,False,True,1.378130610858744,0
2025-08-14,2025-08-14,Brent_Dubai,44.72,-5.38324451113042,-72.50384088517103,61.157087189190555,-6.972260273972593,False,False,True,True,1.5890157628421733,0
2025-08-14,2025-08-14,Brent_WTI,45.08,-0.39450135319675045,-5.675227072642714,4.931741490783879,-1.2532602739726006,False,False,True,True,0.8587589207758501,0
2025-08-14,2025-08-14,Eurobob_USGC_Gasoline,53.59,20.22491199699267,-351.9977865029427,394.4156725256981,15.009959999999992,True,True,True,True,5.214951996992678,0
2025-08-14,2025-08-14,Rotterdam_Singapore_Gasoil,50.019999999999996,-0.031020418109765694,-21.8888867900425,21.665562570158666,-1.2108322147651045,False,True,False,True,1.1798117966553388,0
2025-08-14,2025-08-14,Brent_Dubai,43.75,-5.658522098300155,-71.0931874489692,59.89974982385004,-6.972260273972593,False,False,True,True,1.3137381756724382,0
2025-08-14,2025-08-14,Brent_WTI,45.4,-0.43059412549179776,-5.7739822344246186,4.916930672823383,-1.2532602739726006,False,False,True,True,0.8226661484808029,0
2025-08-14,2025-08-14,Eurobob_USGC_Gasoline,52.33,13.104418077693856,-354.3479017821032,374.5592796264454,15.009959999999992,True,True,True,True,1.9055419223061367,0
2025-08-14,2025-08-14,Rotterdam_Singapore_Gasoil,49.89,-0.0025747504662840697,-21.799877091186286,21.40306243640498,-1.2108322147651045,False,False,True,True,1.2082574642988204,0
2025-08-14,2025-08-15,Brent_Dubai,45.04,-4.876271508177757,-70.84485169798599,60.61833302764399,-7.482520547945206,False,False,True,True,2.606249039767449,1
2025-08-14,2025-08-15,Brent_WTI,44.62,-0.4409586166344811,-5.658928104978752,4.765108909362798,-1.073520547945208,False,False,True,True,0.6325619313107268,1
2025-08-14,2025-08-15,Eurobob_USGC_Gasoline,53.54,20.27418664683725,-345.8630717081513,390.2083577281568,16.38249067114093,True,True,True,True,3.8916959756963223,1
2025-08-14,2025-08-15,Rotterdam_Singapore_Gasoil,50.2,-0.0030426186093516663,-21.968899414795725,22.028227031839343,-0.7207382550335503,False,True,False,True,0.7176956364241986,1
2025-08-15,2025-08-15,Brent_Dubai,44.519999999999996,-5.919550971576573,-86.57003759680212,75.52802591985946,-7.482520547945206,False,False,True,True,1.5629695763686327,0
2025-08-15,2025-08-15,Brent_WTI,46.64,-0.28800392654906126,-5.908533918338251,5.328924513594275,-1.073520547945208,False,False,True,True,0.7855166213961466,0
2025-08-15,2025-08-15,Eurobob_USGC_Gasoline,52.559999999999995,17.38160265199929,-446.7357207849023,475.19062072081965,16.38249067114093,True,True,True,True,0.9991119808583626,0
2025-08-15,2025-08-15,Rotterdam_Singapore_Gasoil,50.260000000000005,0.3771849394252762,-27.004869642704953,28.175847289229097,-0.7207382550335503,False,True,False,True,1.0979231944588266,0
2025-08-15,2025-08-15,Brent_Dubai,45.839999999999996,-5.28420802808938,-87.74229147528628,74.98050097103764,-7.482520547945206,False,False,True,True,2.1983125198558255,0
2025-08-15,2025-08-15,Brent_WTI,48.04,-0.20054096553284734,-5.967276832043058,5.457169691547748,-1.073520547945208,False,False,True,True,0.8729795824123605,0
2025-08-15,2025-08-15,Eurobob_USGC_Gasoline,51.64,17.35283216920147,-436.1322091114801,470.38622236242884,16.38249067114093,True,True,True,True,0.9703414980605416,0
2025-08-15,2025-08-15,Rotterdam_Singapore_Gasoil,52.239999999999995,0.9157013506189241,-26.409675306726154,28.424476863695855,-0.7207382550335503,False,True,False,True,1.6364396056524744,0
2025-08-15,2025-08-15,Brent_Dubai,45.519999999999996,-5.528701621694648,-86.4188946741551,74.82716269866526,-7.482520547945206,False,False,True,True,1.953818926250558,0
2025-08-15,2025-08-15,Brent_WTI,46.67,-0.26740750644785255,-5.847436110094494,5.5125738909099695,-1.073520547945208,False,False,True,True,0.8061130414973554,0
2025-08-15,2025-08-15,Eurobob_USGC_Gasoline,52.629999999999995,14.724788488296982,-445.91629898758356,460.7987060600265,16.38249067114093,True,True,True,True,1.6577021828439467,0
2025-08-15,2025-08-15,Rotterdam_Singapore_Gasoil,52.33,0.7836358271968286,-26.698565043869184,28.10122729952294,-0.7207382550335503,False,True,False,True,1.5043740822303788,0
2025-08-15,2025-08-18,Brent_Dubai,44.330000000000005,-6.039620293841393,-85.8426239598137,76.03295662190342,-7.060273972602743,False,False,True,True,1.0206536787613496,3
2025-08-15,2025-08-18,Brent_WTI,47.31,-0.20589735225283365,-5.898328618897206,5.539538504238631,-0.9402739726027474,False,False,True,True,0.7343766203499137,3
2025-08-15,2025-08-18,Eurobob_USGC_Gasoline,53.010000000000005,20.710853294164053,-429.62981094770265,473.83767053866325,15.550461422818794,True,True,True,True,5.16039187134526,3
2025-08-15,2025-08-18,Rotterdam_Singapore_Gasoil,50.89,0.5589940260300786,-27.058937582500704,28.339228618227093,-1.6132483221476528,False,True,False,True,2.1722423481777313,3
2025-08-18,2025-08-18,Brent_Dubai,44.58,-5.730516918481369,-74.0694059401908,62.09667412069303,-7.060273972602743,False,False,True,True,1.329757054121374,0
2025-08-18,2025-08-18,Brent_WTI,48.75,-0.11386532252971769,-5.989739506044087,5.759013896076166,-0.9402739726027474,False,False,True,True,0.8264086500730297,0
2025-08-18,2025-08-18,Eurobob_USGC_Gasoline,52.470000000000006,16.615496754363896,-386.6627586985943,420.27784812890525,15.550461422818794,True,True,True,True,1.0650353315451024,0
2025-08-18,2025-08-18,Rotterdam_Singapore_Gasoil,48.57,-0.37477758708880077,-17.563602706351308,16.944919747768505,-1.6132483221476528,False,False,True,True,1.238470735058852,0
2025-08-18,2025-08-18,Brent_Dubai,45.75,-4.750094137609388,-72.60659777053003,63.055140500831016,-7.060273972602743,False,False,True,True,2.310179834993355,0
2025-08-18,2025-08-18,Brent_WTI,49.13,-0.13935719872452534,-6.117627295567491,5.679697254736166,-0.9402739726027474,False,False,True,True,0.800916773878222,0
2025-08-18,2025-08-18,Eurobob_USGC_Gasoline,53.56999999999999,20.78639763551995,-384.91770912973186,432.5734975200695,15.550461422818794,True,True,True,True,5.235936212701157,0
2025-08-18,2025-08-18,Rotterdam_Singapore_Gasoil,49.480000000000004,-0.2145478780717114,-17.148630090837457,16.787685571524136,-1.6132483221476528,False,False,True,True,1.3987004440759414,0
2025-08-18,2025-08-18,Brent_Dubai,44.39,-5.503828050614378,-74.42309673978937,64.01042959514423,-7.060273972602743,False,False,True,True,1.5564459219883648,0
2025-08-18,2025-08-18,Brent_WTI,48.76,-0.09840503760268478,-5.944982135130752,5.709576815318625,-0.9402739726027474,False,False,True,True,0.8418689350000625,0
2025-08-18,2025-08-18,Eurobob_USGC_Gasoline,52.580000000000005,17.6403942394157,-395.81511616303555,423.60366679710324,15.550461422818794,True,True,True,True,2.089932816596905,0
2025-08-18,2025-08-18,Rotterdam_Singapore_Gasoil,48.620000000000005,-0.3692261711361443,-17.208997434940304,16.637898747454955,-1.6132483221476528,False,False,True,True,1.2440221510115084,0
2025-08-18,2025-08-19,Brent_Dubai,44.49,-5.563243230195556,-74.22851240372202,63.44301046461137,-7.468328767123284,False,False,True,True,1.9050855369277278,1
2025-08-18,2025-08-19,Brent_WTI,48.5,-0.14381366202614396,-6.0468255872718775,5.877533821598983,-0.6283287671232827,False,False,True,True,0.4845151050971387,1
2025-08-18,2025-08-19,Eurobob_USGC_Gasoline,52.33,16.01217369467416,-388.24459961539543,431.86614157131606,15.544613610738269,True,True,True,True,0.46756008393589177,1
2025-08-18,2025-08-19,Rotterdam_Singapore_Gasoil,48.46,-0.33573862423415474,-17.270932684747464,16.673401261133737,-0.3854765100671188,False,False,True,True,0.04973788583296407,1
2025-08-19,2025-08-19,Brent_Dubai,45.440000000000005,-5.474855524509364,-88.20934676240779,75.87009755664072,-7.468328767123284,False,False,True,True,1.99347324261392,0
2025-08-19,2025-08-19,Brent_WTI,51.580000000000005,0.1756929184115326,-6.2757847184461655,6.547888563471776,-0.6283287671232827,False,True,False,True,0.8040216855348152,0
2025-08-19,2025-08-19,Eurobob_USGC_Gasoline,52.28,14.138463584850143,-402.2711506685189,429.356365019063,15.544613610738269,True,True,True,True,1.4061500258881257,0
2025-08-19,2025-08-19,Rotterdam_Singapore_Gasoil,51.35999999999999,0.7411844505444637,-31.25680476162763,32.64193127430852,-0.3854765100671188,False,True,False,True,1.1266609606115825,0
2025-08-19,2025-08-19,Brent_Dubai,45.51,-5.983958148365744,-89.71624596629599,76.61414429797348,-7.468328767123284,False,False,True,True,1.4843706187575396,0
2025-08-19,2025-08-19,Brent_WTI,53.03,0.22519960608009496,-6.033132513289264,6.440911490744835,-0.6283287671232827,False,True,False,True,0.8535283732033776,0
2025-08-19,2025-08-19,Eurobob_USGC_Gasoline,52.49,15.51859525961146,-403.87140491417165,444.17131596401265,15.544613610738269,True,True,True,True,0.02601835112680817,0
2025-08-19,2025-08-19,Rotterdam_Singapore_Gasoil,52.81,1.4456232674307843,-29.562471236278256,32.69189598470489,-0.3854765100671188,False,True,False,True,1.831099777497903,0
2025-08-19,2025-08-19,Brent_Dubai,44.64,-6.6899340881951534,-88.63570802990839,75.6699742119783,-7.468328767123284,False,False,True,True,0.7783946789281302,0
2025-08-19,2025-08-19,Brent_WTI,52.12,0.18092196832457424,-6.080378767695572,6.424924223428283,-0.6283287671232827,False,True,False,True,0.8092507354478569,0
2025-08-19,2025-08-19,Eurobob_USGC_Gasoline,52.400000000000006,16.976379349344008,-404.20902310660927,438.662527706249,15.544613610738269,True,True,True,True,1.4317657386057387,0
2025-08-19,2025-08-19,Rotterdam_Singapore_Gasoil,52.900000000000006,1.1160836850597633,-30.692381264749407,33.108739387586674,-0.3854765100671188,False,True,False,True,1.5015601951268822,0
2025-08-19,2025-08-20,Brent_Dubai,44.22,-6.2016846631255245,-87.05970059161386,76.79713389690244,-6.404041095890413,False,False,True,True,0.2023564327648888,1
2025-08-19,2025-08-20,Brent_WTI,51.74999999999999,0.1432363764890279,-6.271348290327286,6.599392668188033,-0.5140410958904071,False,True,False,True,0.657277472379435,1
2025-08-19,2025-08-20,Eurobob_USGC_Gasoline,52.11,17.416738310330263,-396.2517177396485,436.3441302080212,14.069306268456415,True,True,True,True,3.347432041873848,1
2025-08-19,2025-08-20,Rotterdam_Singapore_Gasoil,51.33,0.6832925149322535,-30.57238069425826,32.45681356711477,0.978120805369122,True,True,True,True,0.29482829043686853,1
2025-08-20,2025-08-20,Brent_Dubai,42.699999999999996,-5.448523949112488,-55.570695070395786,43.91556481765808,-6.404041095890413,False,False,True,True,0.9555171467779253,0
2025-08-20,2025-08-20,Brent_WTI,53.33,0.30423424053320464,-6.3032723875208285,6.9177902090181265,-0.5140410958904071,False,True,False,True,0.8182753364236117,0
2025-08-20,2025-08-20,Eurobob_USGC_Gasoline,53.65,15.561117283159332,-288.5120195936339,314.47097612030285,14.069306268456415,True,True,True,True,1.4918110147029164,0
2025-08-20,2025-08-20,Rotterdam_Singapore_Gasoil,53.169999999999995,2.151564082743192,-45.68828648028377,49.46740369689443,0.978120805369122,True,True,True,True,1.1734432773740697,0
2025-08-20,2025-08-20,Brent_Dubai,43.95,-4.9183657167529935,-54.37793287709635,43.277496588457716,-6.404041095890413,False,False,True,True,1.4856753791374198,0
2025-08-20,2025-08-20,Brent_WTI,53.59,0.3654325184005962,-6.271661029495845,6.9668841103546875,-0.5140410958904071,False,True,False,True,0.8794736142910033,0
2025-08-20,2025-08-20,Eurobob_USGC_Gasoline,52.980000000000004,15.450590284023571,-281.6465242433142,315.9805812917925,14.069306268456415,True,True,True,True,1.3812840155671555,0
2025-08-20,2025-08-20,Rotterdam_Singapore_Gasoil,53.410000000000004,2.403372986142196,-46.21706211385155,50.84174637473536,0.978120805369122,True,True,True,True,1.4252521807730738,0
2025-08-20,2025-08-20,Brent_Dubai,43.269999999999996,-4.922927315449642,-54.71432173257043,44.60675413981842,-6.404041095890413,False,False,True,True,1.4811137804407712,0
2025-08-20,2025-08-20,Brent_WTI,52.54,0.2912245542490557,-6.275722863280854,6.953418554302344,-0.5140410958904071,False,True,False,True,0.8052656501394628,0
2025-08-20,2025-08-20,Eurobob_USGC_Gasoline,53.12,13.68849169156555,-284.1029619894953,310.85255481883246,14.069306268456415,True,True,True,True,0.38081457689086484,0
2025-08-20,2025-08-20,Rotterdam_Singapore_Gasoil,53.06999999999999,2.429378152306168,-44.809023471978456,49.90151638823179,0.978120805369122,True,True,True,True,1.4512573469370458,0
2025-08-20,2025-08-21,Brent_Dubai,42.99,-5.255060745517839,-55.23991595072748,45.92519049880128,,False,False,True,False,,1
2025-08-20,2025-08-21,Brent_WTI,53.64,0.3261324154393137,-6.276150656644866,6.854432702409745,,False,True,False,False,,1
2025-08-20,2025-08-21,Eurobob_USGC_Gasoline,53.12,12.995506861689833,-288.02590884916566,314.49529151751983,,False,True,False,False,,1
2025-08-20,2025-08-21,Rotterdam_Singapore_Gasoil,52.35999999999999,2.082937985988848,-45.179791239648495,50.222334584571584,,False,True,False,False,,1
2025-08-21,2025-08-21,Brent_Dubai,44.45,-5.373745536225681,-70.85237316405598,60.88907330987301,,False,False,True,False,,0
2025-08-21,2025-08-21,Brent_WTI,45.31,-0.3905687127301459,-5.788222897070816,4.96280196783371,,False,False,True,False,,0
2025-08-21,2025-08-21,Eurobob_USGC_Gasoline,53.09,13.97219854030404,-363.8748707008518,386.6593459072068,,False,True,False,False,,0
2025-08-21,2025-08-21,Rotterdam_Singapore_Gasoil,50.99,0.22430798463128263,-21.946881694896376,21.944264124190425,,False,True,False,False,,0
2025-08-21,2025-08-21,Brent_Dubai,44.45,-5.553608256334832,-71.37445516150022,59.81433435976367,,False,False,True,False,,0
2025-08-21,2025-08-21,Brent_WTI,45.45,-0.3773427480746032,-5.693251965105891,5.0001202897239025,,False,False,True,False,,0
2025-08-21,2025-08-21,Eurobob_USGC_Gasoline,53.74,18.150154415955882,-357.23528631594286,384.866650824695,,False,True,False,False,,0
2025-08-21,2025-08-21,Rotterdam_Singapore_Gasoil,50.82,0.04364503392362563,-22.104437168055053,21.848819003584765,,False,True,False,False,,0
2025-08-21,2025-08-21,Brent_Dubai,44.89,-5.1159506846272675,-70.82012111643077,60.442339524531995,,False,False,True,False,,0
2025-08-21,2025-08-21,Brent_WTI,44.379999999999995,-0.4761947184622103,-5.811429916881658,4.763445435418089,,False,False,True,False,,0
2025-08-21,2025-08-21,Eurobob_USGC_Gasoline,52.910000000000004,15.242622769833211,-349.3594753854453,377.2888162767269,,False,True,False,False,,0
2025-08-21,2025-08-21,Rotterdam_Singapore_Gasoil,50.36000000000001,0.11536485473927095,-22.019234136056625,22.157978719501504,,False,True,False,False,,0
